<?xml version="1.0"?>
<pagescount>
	<html_total>1</html_total>
	<html_done>1</html_done>
	<images/>
	<script/>
	<css>3</css>
	<pdf/>
	<documents/>
	<excel/>
	<powerpoint/>
	<flash/>
	<audios/>
	<videos/>
	<xml/>
	<json/>
	<txt/>
	<autocad/>
	<model_3d/>
	<fonts>15</fonts>
	<scraping_reload>1</scraping_reload>
	<is_pretty_url>false</is_pretty_url>
	<has_trailing_slash>false</has_trailing_slash>
	<is_ebn>false</is_ebn>
	<email>wdo@waybackmachinedownloader.com</email>
	<theme_name>WmdTheme1038278</theme_name>
	<server_url_front_page>https://www6.waybackmachinedownloader.com/wdo/files/demo/satta-bazzar.com_wdo_waybackmachinedownloader.com_ggyet9m6jb/</server_url_front_page>
	<no_www_url>satta-bazzar.com</no_www_url>
	<hosted_domain/>
	<original_archive_url>https://satta-bazzar.com/puniya/result-update.php</original_archive_url>
	<final_archive_url>https://satta-bazzar.com/puniya/index.php</final_archive_url>
	<front_page_code_date/>
	<total_urls_from_api/>
	<max_reached_live>false</max_reached_live>
	<scrape_other_captures>false</scrape_other_captures>
	<action/>
	<current_scraping_url/>
	<total_size>8</total_size>
</pagescount>
